Length(cm),Mass(g)
11.93,115.9358939
12.99,104.8396313
13.99,148.2548683
13.23,95.86722256
16.26,104.4472971
15.79,132.1934904
13.58,103.0248661
11.72,116.6847947
14.92,127.3883315
16.21,165.6394348
14.73,147.7269996
15.6,121.091498
11.05,115.5339419
17.2,186.0203674
13.25,106.8823588
14.28,118.660244
11.62,106.7602933
12.95,106.5816486
14.17,137.0880116
12.93,101.3677679
12.58,118.8486399
12.71,90.51653519
14.13,124.6328548
13.42,132.6500274
13.5,100.9297864
12.79,99.94608536
10.09,89.58793511
16.93,105.8782659
12.12,93.89603322
12.05,67.23978532
13.12,104.1567461
14.45,157.2566498
14.12,103.8174566
14.15,119.8706713
17.2,200.8643122
10.67,122.4035012
13.46,93.37989163
13.4,101.7667278
14.34,145.5379672
18.22,130.700035
12.95,97.63236442
15.4,178.3132845
12.03,106.015732
11.21,94.39574836
13.19,81.28100516
11.71,92.02468594
16.06,123.4337006
12.04,124.7596051
10.97,101.6458632
16.78,172.4470915
18.52,210.1746885
12.7,121.2145096
13.1,133.5701938
13.49,140.774673
17.8,169.8381441
12.7,115.1880152
16.41,172.3375764
12.67,125.0003343
15.79,146.4432286
14.58,128.6757236
14.76,101.9521787
12.64,126.6056951
12.86,110.5726318
15.06,118.845023
12.45,120.6147833
14.03,86.49136756
11.89,101.8434915
16.92,168.7588564
13.93,99.95928971
12.83,148.7815939
12.93,110.4288455
13.4,122.8861443
16.28,155.4140924
15.65,157.8048578
12.81,90.8826516
13.38,90.70084847
14.36,81.39121681
14.12,145.111537
11.6,101.8438158
17.79,185.3043401
14.44,118.1315952
14.25,157.6291374
15.22,65.00159532
15.59,146.1425122
14.95,111.7238281
12.79,102.3839641
13.66,141.218975
16.66,164.4606536
15.97,137.9116452
10.11,98.84783499
15.47,122.6280807
14.11,132.5378808
11.94,108.3415417
13.37,136.871911
15.58,154.6974462
16.1,164.1637978
16.81,97.53840065
12.95,129.5404558
14.68,137.9522928
16.39,155.8741868
13.13,123.0491718
13.29,109.0021994
9.81,91.75047913
12.95,99.96783255
12.85,110.7745154
13.26,113.3663298
16.77,142.3239642
11.66,79.59987002
13.13,98.15854167
11.64,113.6605387
13.92,93.46018109
17.33,128.5727969
16.56,180.2211008
14.19,118.8172958
16.85,167.1719658
15.76,173.2610241
13.46,121.1455667
16.14,128.4698688
12.43,88.44535542
14.88,94.23530137
13.53,131.5248781
14.32,97.16140421
15.38,199.2091084
13.82,127.746179
13.98,119.6994422
12.33,80.31101464
12.8,112.2169528
15.01,98.13549839
13.37,84.60255861
15,119.0619618
15.87,180.2115074
16.49,160.6134447
14.96,176.5592895
13.81,149.3050848
15.33,111.6924737
11.17,118.9222186
11.67,76.00376309
13.16,125.2042688
9.57,85.81754792
12.31,136.0214437
11.7,118.9048073
11.72,132.8276981
12.54,92.34587911
15.09,144.2323448
16.69,139.4551074
13.57,128.3304035
16.33,139.5707015
13.76,92.77249377
14.58,166.1671414
12.63,122.924158
15.32,129.3137172
13.83,97.95757551
13.88,118.9634707
10.32,102.7084155
13.65,84.7573821
13.42,118.5986009
12.71,76.82150801
13.82,143.526752
14.56,123.3561353
12.79,128.828952
14.29,144.9913589
12.11,105.096109
18.51,154.6708784
11.4,132.6221356
14.25,108.7156502
12.53,107.8260421
16.06,160.5427964
14.97,121.2945546
10.85,74.08785666
12.01,94.8320108
15.66,122.5973449
12.78,142.6900201
12.9,132.5062308
8.68,55.60337738
15.45,130.7528225
12.71,121.7553457
17.45,217.0742002
14.3,174.7824233
13.74,137.32462
15.19,150.0487447
16.07,134.0167106
12.9,103.3189882
15.35,120.1733274
12.08,102.4236456
14.59,132.0487593
11.64,96.18099857
12.13,88.05943753
13.09,64.01311539
16.67,171.7519132
17.42,183.670604
8.41,73.61226948
13.76,112.1561862
13.36,115.1920986
15.35,128.7501396
13.7,110.8088601
14.12,129.1758018
10.77,101.338644
13.2,77.26641063
15.03,125.2553904
14.17,126.5872945
15.41,138.2781779
14.88,130.6686963
16.14,144.740519
13.37,126.3202751
12.57,106.2491871
10.04,75.00894395
14.93,131.7083516
12.07,130.7907814
15.24,157.026459
16.04,143.2482955
11.62,124.6896119
10.86,109.3031195
11.48,99.17558223
17.76,163.0120253
15.35,171.8271651
14.36,105.0893606
14.75,111.6074231
12.5,99.38507961
13.47,113.9380808
10.64,109.7877505
14.75,138.0450072
15.43,110.0698238
13.32,93.97859968
13.59,125.6407711
15.31,163.4628211
11.99,119.5573527
12.17,124.5196276
13.86,104.3481499
13.6,142.8439203
16.62,140.2599684
16.97,174.5657199
12.92,111.184724
11.19,114.5838696
14.39,147.5402524
12.83,115.8420682
14.34,106.9710741
14.98,138.6545776
14.84,160.0366831
12.5,90.70089047
12.92,148.1063791
14.97,168.2352219
13.08,106.9236067
15.05,136.986492
13.24,113.1356898
13.87,108.3189942
11.66,112.3459135
17.46,170.6113045
10.66,122.4299439
14.76,118.6827361
14.75,132.892101
12.76,102.5854261
11.19,98.08060272
13.97,99.52885791
11.95,115.2028494
15.56,132.3262573
14.18,115.0797129
12.22,82.83821257
13.93,140.1475065
13.61,98.53102516
15.51,174.6210817
15.67,128.6918923
11.19,95.58720867
11.55,115.6134127
13.03,122.5123383
13.06,101.7347746
10.68,55.85920811
11.92,108.3588914
16.59,168.4899155
13.52,121.6192569
10.52,88.64826394
14,88.50713369
17.32,127.3284314
16.5,141.283017
10.52,87.74199895
18.65,132.414366
11.22,106.4400829
15.58,154.4522446
14.81,155.8558523
14.02,134.8125824
14.03,116.0922896
18.03,95.05566298
15.04,99.16417917
13.03,97.02340051
15.06,88.96266077
15.53,126.2400947
14.2,111.2416506
17.28,171.8815416
14.99,149.3191591
17,182.6659164
15.51,171.4026931
15.86,152.7066042
10.67,98.56650501
13.57,123.6953189
12.97,119.2165533
14.93,139.9393959
13.88,125.8112996
13.39,140.1221962
14.11,115.4085081
14.93,136.9168752
14.78,145.5512706
11.17,96.96417033
11.86,99.02320959
11.6,122.4153897
12.76,115.064995
13.29,83.6043084
11.92,105.6213505
12.39,128.2763725
17.33,125.774025
13.38,116.2234749
14.43,122.4700691
14.74,199.6841181
13,142.1052082
17.14,119.1417036
15.84,151.7243003
11.65,118.3285278
12.04,108.4228758
16.02,153.2615013
14.06,136.3375231
13.34,119.3698437
18.05,176.2537597
11.33,89.46598641
15.29,129.2083716
12.6,137.8272021
15.79,154.9094032
11.17,112.2713439
12.82,108.4986067
12.32,119.260461
13.5,138.7506132
14.61,131.1703626
10.55,93.95139424
14.57,129.5503629
18.75,217.3626614
11.96,88.50284295
14.44,166.1455291
14.66,137.649125
15.3,161.5115572
11.83,114.7636525
13.78,120.3032639
13.43,64.23580174
14.68,84.05378399
10.34,79.76855913
14.26,99.36558166
13.56,138.9763567
12.8,123.488279
12.93,135.8409323
11.5,72.56666681
11.56,90.29733008
14.82,114.9654357
18.82,166.6890286
16.08,179.759931
18.84,209.6934888
15.51,145.3891235
12.92,102.1720111
13.25,125.743844
13.48,114.9990445
15.22,108.3201101
14.9,106.6846488
14.06,120.7937852
10.53,95.58541495
12.79,145.4697013
14.09,131.5571006
13.71,119.54303
9.01,75.98877107
12.97,91.34676203
14.16,125.0065147
18.11,208.6865253
12.75,142.1266052
12.64,162.990581
9.68,83.49785847
12.45,98.45762759
13.79,121.714845
15.37,146.1305565
12.42,85.39153373
13.74,63.54650023
12.82,143.2532471
15.95,147.1603369
13.59,120.0130323
13.19,133.3023537
13.65,122.2359021
12.46,127.2366211
11.31,123.4617113
15.28,135.8767769
13.12,151.7836092
13.93,109.6649106
11.96,140.552154
12.91,121.0433705
16.44,154.15333
16.53,146.4482906
15.97,95.51771323
12.44,123.798013
15.27,110.4731751
15.48,124.222258
12.23,79.3956547
10.06,78.23846426
12.75,123.8846659
12.77,123.9094558
10.51,89.87970645
9.63,89.02496919
10.79,79.64314238
13.03,125.8982058
14.16,128.4592001
13.42,165.0079822
10.63,69.46871681
8.5,89.97322407
12.44,110.3523628
13.3,127.9212742
14.42,82.85847431
15.16,147.0049736
15.29,173.3905494
15.44,167.8140275
16.12,145.8242177
15.24,139.8174058
16.24,153.760709
10.59,77.60127011
11.83,107.5128334
13.58,86.23322936
14.35,123.5672666
12.94,133.9979687
10.63,116.3672305
12.93,132.182138
12.43,123.4866637
14.27,112.1125428
13.33,95.554187
13.19,101.9926663
16.4,141.3656704
9.26,68.46758409
13.25,124.5713843
15.07,119.8988832
14,101.4609193
11.77,134.4519964
14.48,137.0349077
14.39,127.6427546
17.99,169.9139252
15.04,140.6332678
14.93,149.8933921
14.49,125.8119903
8.33,76.58473496
14.64,129.6388228
13.31,117.4302811
13.52,161.1923537
11.35,104.9513864
15.08,127.5043875
17.08,124.047922
16.2,142.0354093
16.26,137.2261617
11.26,70.40119005
14.51,155.4078212
15.88,146.9013723
16.13,141.2502698
15.78,147.7331324
13.82,146.3234491
15.03,144.5895504
16.67,177.1070178
13.31,141.2497323
13.74,117.0682759
13.93,130.4185157
13.63,116.1553963
16.66,105.9737622
14.73,155.729351
13.23,121.6344082
12.31,136.1901649
15.35,179.0111851
14.2,109.0766572
17.06,166.0986187
14.05,137.0824208
11.58,102.2728806
12.24,107.5913631
12.61,124.4783566
14.8,154.7636579
14.66,159.7195557
13.97,135.4778064
15.26,140.0932251
13.63,108.5479507
16.64,135.6728279
15.89,96.69534662
20.87,169.4831892
15.94,119.0389628
17.64,182.3312433
13.83,111.480028
12.97,89.43217432
11.5,103.5836581
14.94,125.9097247
10.52,103.8840868
13.63,153.8602146
11.71,116.8282431
15,144.163121
14.64,140.6112717
11.32,93.4012677
12.45,112.1287208
14.74,125.4287764
10.51,85.58647276
9.91,89.33042815
15.58,128.8528041
16.92,158.7967845
14.05,93.49620125
16.63,179.9524685
15.46,110.929134
13.46,137.6419279
14.35,104.9071012
15.57,172.7772255
16.38,135.7938825
11.36,120.4065933
12.07,143.992556
16.19,170.2026622
14.12,150.6827473
16.76,113.9903555
12.58,94.5013036
16.83,150.5446495
14.31,127.905881
15.15,161.2996958
18.09,147.7576208
13.33,106.0840999
12.46,93.81428436
14.87,109.3653882
17.61,170.264431
11.4,116.119042
12.71,111.8408974
14.32,103.4900033
14.23,128.1167949
15.23,123.3306943
14.44,137.3456692
11.52,125.6974039
12.16,114.578499
14,151.0522123
13.27,92.63187402
12.14,134.3915263
15.22,130.3936849
15.59,131.0158227
16.41,142.1653047
15.06,167.4018735
9.72,69.89590871
13.53,141.9137239
11.3,79.02643052
14.53,132.3417202
9.45,63.63483322
14.61,88.29419709
14.98,140.2122362
17.83,163.175472
13.96,124.6738422
11.7,119.3980085
15.51,99.17800744
12.77,134.4790105
11.62,123.6406238
13.88,143.0753586
16.72,144.9453572
8.85,73.2743161
16.66,135.7355484
13.2,113.3508195
14.29,98.97070244
12.41,133.3089368
15.79,150.8957048
14.24,113.9819788
14.75,142.743146
9.59,98.87328278
14.58,127.9188315
14.14,154.0302114
11.75,112.7601324
13.82,103.9109184
13.08,130.2141122
13.21,151.4144991
14.42,147.5052683
15.47,174.6453257
13.25,142.0780362
16.17,82.08218235
18.33,169.045017
14.71,161.4351424
15.96,122.5571449
12.39,113.3366351
16.13,142.9071313
13.55,131.4770749
12.87,134.5738669
11.26,91.72523225
15.53,137.774639
15.04,106.9627205
15.22,152.338973
11.63,80.94131941
13.81,132.4524845
15.89,180.1126635
10.47,119.4209501
14.49,101.2892089
13.86,127.1921194
12.67,142.5297463
14.33,131.9581244
12.7,132.551592
13.66,123.7945784
12.05,107.8927856
17.65,107.9025143
10.4,97.0281622
12.63,101.3202764
13.93,79.03707385
16.92,155.0855034
11.45,108.8877726
14.38,121.824077
13.83,127.1705214
15.73,120.1280059
13.84,119.7194688
14.47,103.3533399
8.5,88.85366142
10.83,119.4999091
15.09,125.4479003
14.57,152.3516055
12.42,120.7343126
15.62,134.8849083
15.83,102.2743632
10.57,117.906308
14.49,137.0670125
11.93,112.5643896
14.17,143.1228818
12.93,83.30349938
15.72,141.3197856
13.57,143.7678169
15.17,172.5066407
15.13,121.6033585
11.42,115.4777233
14.32,120.5657628
13.19,87.18258804
13.93,122.2098634
13.22,118.3246677
11.96,97.33999597
13.33,136.0571993
11.15,120.0277248
14.9,138.6221801
14.94,149.6419022
14.69,136.7095343
12.39,122.428779
17.65,160.3691082
14.86,126.9352279
14.76,169.5866606
11.73,99.79848794
16.78,188.8465596
14.05,154.9338644
16.1,150.2206795
13.5,118.5455984
14.13,116.3654994
10.92,96.23048508
12.8,103.1286983
14.4,70.36729628
9.85,92.54197296
15.32,117.4123252
12.65,125.5153914
15.27,128.2553487
12.78,85.2916085
9.98,95.57209164
13.3,121.5065534
17.39,149.5225612
14.1,126.100822
13.63,112.0696298
13.24,98.87949059
17.14,120.9575687
14.2,115.7197798
15.08,104.4667786
13.13,127.6547757
13.47,157.1877537
9.63,77.80480771
18.74,139.6600659
15.68,168.2800918
17.26,147.3338835
13.29,100.1683752
15.22,146.5180336
12.73,108.3043463
10.67,78.86703205
10.49,108.6099485
14.71,129.5904928
14.59,89.95307014
12.73,138.5303226
17.69,157.0778982
12.12,152.0533299
12.37,113.7080139
15.08,137.3944647
11.69,126.7024483
9.78,108.2467978
13,116.2539187
16.27,128.2513151
17.16,189.3470914
14.34,158.3324938
14.19,140.7321681
15.96,151.0565181
12.71,134.2404572
17.27,78.02369223
8.91,51.98143127
11.51,107.281985
12.99,128.1839852
17.31,158.3978454
13.99,93.67988785
12.59,124.1360075
14.04,131.1997765
15.67,159.7354416
14.47,107.5724759
16.27,154.0334824
13.15,79.57489397
13.41,88.60878418
14.1,115.9504801
10.91,118.6684076
15.47,139.1858975
16.99,92.20624616
14.96,129.2457376
14.11,128.032989
15.21,144.9857712
15.96,136.3250651
16.43,179.0467971
13.7,121.8753557
16.2,144.074479
15.61,162.712196
19.5,185.377414
16.24,113.7369629
17,177.3804834
15.58,153.4804411
11.91,105.7508499
12.2,103.5548663
12.01,68.81899771
12.76,92.7955086
17.02,159.5924279
12.23,114.0747419
14.21,133.9216297
13.55,132.6522705
16.89,196.9550477
14.31,131.5947068
13.87,105.7425535
16.26,122.9281018
15.46,184.3213837
16.5,144.1390979
18.22,176.5201963
14.5,98.12689256
12.66,107.6449022
14.17,117.9786203
13.58,142.5462036
16.94,176.8354428
15.11,133.2835816
14.7,139.5737229
9.57,91.44286289
10.81,91.48477714
14.61,120.779067
14.23,111.1723954
14.76,130.5280956
18.02,151.6403066
14.8,132.127796
13.11,109.169236
13.89,96.75367743
14.76,121.2502157
13.32,100.066463
17.61,128.658953
17.12,175.9611839
12.36,117.1402874
14.52,126.0945163
13.42,138.4325736
13.67,112.7438448
13.95,128.0141714
16.25,129.3645945
12.25,124.5315642
15.48,160.6976837
13.15,122.2408207
12.4,115.4562168
12.28,87.44473516
16.4,169.084066
15.92,130.868641
12.17,102.5046341
15.19,116.0219557
16.64,140.3990949
9.84,115.5730415
15.01,173.4973868
15.24,130.9720616
11.93,102.3740162
15.96,140.2440499
15.04,92.40743033
12.49,92.3130637
11.25,85.3643555
13.39,136.6198468
14.55,136.9299707
13.34,125.1782756
19.11,131.7934841
9.96,104.8729747
15.66,171.5101391
13.82,121.5952502
14.4,149.0476783
13.87,112.4223288
13.48,113.9159395
15.68,143.9590328
13.04,125.9006632
13.78,119.1088735
15.68,157.531596
13.13,157.082281
14.24,121.2779384
13.5,129.1303753
16.85,142.8706741
16.73,173.6757228
13.52,112.2725377
13.96,139.9735404
13.96,132.8561729
12.37,116.2315313
16.54,134.2449731
14.38,105.4165879
10.14,85.05288054
14.45,114.5091504
16.37,190.2438649
13.9,123.4528307
14.92,131.7563353
12.99,98.13646622
12.38,118.5767821
12.13,103.0474337
10.37,82.69916268
16.58,153.1555692
13.26,141.4551971
12.01,81.2224788
14.15,169.1227162
13.43,105.9515722
11.25,81.47154347
12.41,144.5956004
13.55,127.9872245
13.88,123.5179572
17.08,163.9525019
15.85,121.9930537
9.56,93.65717873
10.83,100.8754816
11.96,95.47073815
12.58,79.75718616
13.25,113.5123431
16,123.1261502
12.07,100.753431
12.61,113.4955187
16.54,122.5719894
12.55,119.9868989
13.49,126.5117448
10.99,141.8918236
11.86,106.4156022
15.06,95.7507196
12.81,141.6557404
17.03,133.8749308
11.99,109.6373385
14.37,118.4535416
11.31,116.788874
11.99,81.75734887
14.46,149.6248411
13.76,104.8859104
14.39,112.2636928
18.52,91.09685348
15.65,119.1625029
12.5,134.6850095
14.66,137.4064305
18.6,140.8608363
18.27,154.5163086
14.83,150.3546973
12.09,113.1157861
14.38,135.7526462
11.75,109.5527471
14.23,110.6588034
11.77,82.61573989
13.17,134.6264605
12.86,132.1351118
16.06,165.0398078
14.12,132.6821295
16.34,167.841864
14.65,106.9190972
13.12,124.2163572
11.75,101.9247542
17.63,172.4339576
10.76,72.62555025
14.43,113.0130451
13.28,93.61660516
12.07,104.6780578
14.85,174.4947777
12.88,137.2834308
14.44,155.0981815
13.94,125.3714209
16.91,196.5794572
11.29,104.0058194
13.76,107.6976837
18.89,224.655906
16.61,138.4870267
12.01,116.1773971
10.81,103.7475651
12.24,98.63487624
15.18,127.3364004
14.99,150.0622022
11.3,100.1241395
15.06,101.8822107
14.1,141.2012226
11.26,125.6189178
12.82,111.764431
15.89,130.401154
15.3,141.3406369
12.9,84.42367025
13.18,115.2082516
14.48,128.6518974
15,125.9753836
13.5,141.778739
13.07,133.4172008
15.54,131.3851684
14.89,87.3416928
12,111.6933089
17.05,172.0842265
14.18,111.2656108
11.73,116.4296969
16.64,152.3874508
16.02,157.2175377
9.54,120.6744304
13.14,104.0376522
13.19,113.4964154
15.94,125.9186048
13.23,135.5583502
15.83,135.5248846
14.18,119.8624472
13.91,154.0795194
11.64,112.1556141
14.77,138.1060844
15.12,145.829456
14.55,130.0596555
16.25,146.5066045
13.81,147.9384504
11.92,117.8400452
15.54,152.4538677
14,125.3069608
15.64,160.5936035
16.58,169.1998094
11.02,96.89541377
12.67,110.5320192
13.08,139.7597685
12.08,94.98519961
15.74,132.9820237
18.18,141.6668335
12.8,130.648386
14.31,106.3209266
16.23,126.7483882
14.37,125.7412115
16.5,161.0212846
10.45,75.48638787
13.9,104.8601001
13.44,153.7815277
12.89,96.51475498
13.64,172.4692541
12.71,119.4497382
14.31,138.9337113
15.76,153.8528817
11.1,109.9237438
16.41,174.3869522
13.3,137.6077352
13.51,126.9968378
17.94,163.9365494
16.15,166.1638846
9.53,70.54324861
15.33,172.3600708
14.3,174.8250136
13.29,127.9567996
13.92,109.7164414
15.8,143.1770241
14.04,143.1893245
10.35,129.1329585
12.04,84.74180725
10.81,108.2896407
12.58,116.6328898
13.72,171.2328289
12.49,140.5068723
14.56,111.1887752
13.43,141.000999
15.39,144.1543893
15.19,132.2084103
14.22,134.8690275
14.36,191.4665389
16.04,155.560299
14.39,124.5660839
19.13,177.1086751
11.22,111.318831
15.64,121.2900987
13.88,129.6955618
18.54,102.7598496
15.53,146.3670548
11.64,135.7946917
13.15,125.2136469
14.49,166.6729939
16.4,155.4338326
10.92,108.2028179
13.96,126.6239715
12.86,106.3748982
13.34,145.8432248
14.7,168.7571065
13.24,156.4546281
13.17,104.1113878
16.39,158.8434172
13.96,113.964337
13.72,152.5094221
16.76,149.3200254
14.52,123.0340786
15.17,149.3430575
13.88,100.6162581
13.85,139.2128122
17.04,165.8072661
10.11,112.9925283
12.45,131.9396167
13.12,88.24113019
15.11,119.1164888
14.2,86.93964399
12.1,136.4956107
12.69,74.65609882
13.14,112.4558633
16.24,195.2193168
11.49,105.6521508
15.35,155.3191867
17.15,157.4473736
13.64,74.09304359
16.98,174.9829556
11.24,139.8755333
